{
  "user_name": {
    "precision": 0.7692307692307693,
    "recall": 0.9090909090909091,
    "f1-score": 0.8333333333333333,
    "support": 11,
    "confused_with": {
      "user_gender": 1
    }
  },
  "note": {
    "precision": 0.9166666666666666,
    "recall": 0.6111111111111112,
    "f1-score": 0.7333333333333334,
    "support": 18,
    "confused_with": {
      "user_name": 1
    }
  },
  "password": {
    "precision": 1.0,
    "recall": 1.0,
    "f1-score": 1.0,
    "support": 3,
    "confused_with": {}
  },
  "user_gender": {
    "precision": 0.7857142857142857,
    "recall": 1.0,
    "f1-score": 0.88,
    "support": 22,
    "confused_with": {}
  },
  "user_age": {
    "precision": 1.0,
    "recall": 0.8571428571428571,
    "f1-score": 0.923076923076923,
    "support": 7,
    "confused_with": {
      "user_name": 1
    }
  },
  "micro avg": {
    "precision": 0.8387096774193549,
    "recall": 0.8524590163934426,
    "f1-score": 0.8455284552845529,
    "support": 61
  },
  "macro avg": {
    "precision": 0.8943223443223444,
    "recall": 0.8754689754689755,
    "f1-score": 0.873948717948718,
    "support": 61
  },
  "weighted avg": {
    "precision": 0.8565123401188974,
    "recall": 0.8524590163934426,
    "f1-score": 0.8391509037410676,
    "support": 61
  }
}