{
  "user_gender": {
    "precision": 0.9444444444444444,
    "recall": 1.0,
    "f1-score": 0.9714285714285714,
    "support": 17,
    "confused_with": {}
  },
  "user_name": {
    "precision": 1.0,
    "recall": 0.9411764705882353,
    "f1-score": 0.9696969696969697,
    "support": 17,
    "confused_with": {}
  },
  "micro avg": {
    "precision": 0.9705882352941176,
    "recall": 0.9705882352941176,
    "f1-score": 0.9705882352941176,
    "support": 34
  },
  "macro avg": {
    "precision": 0.9722222222222222,
    "recall": 0.9705882352941176,
    "f1-score": 0.9705627705627706,
    "support": 34
  },
  "weighted avg": {
    "precision": 0.9722222222222223,
    "recall": 0.9705882352941176,
    "f1-score": 0.9705627705627705,
    "support": 34
  }
}